{"frames": [

{
	"filename": "figure/bugle",
	"frame": {"x":0,"y":0,"w":24,"h":24},
	"rotated": false,
	"trimmed": false,
	"spriteSourceSize": {"x":0,"y":0,"w":24,"h":24},
	"sourceSize": {"w":24,"h":24}
},
{
	"filename": "figure/heart",
	"frame": {"x":24,"y":0,"w":24,"h":24},
	"rotated": false,
	"trimmed": false,
	"spriteSourceSize": {"x":0,"y":0,"w":24,"h":24},
	"sourceSize": {"w":24,"h":24}
},
{
	"filename": "figure/horizontal",
	"frame": {"x":48,"y":0,"w":24,"h":24},
	"rotated": false,
	"trimmed": false,
	"spriteSourceSize": {"x":0,"y":0,"w":24,"h":24},
	"sourceSize": {"w":24,"h":24}
},
{
	"filename": "figure/lightning",
	"frame": {"x":72,"y":0,"w":24,"h":24},
	"rotated": false,
	"trimmed": false,
	"spriteSourceSize": {"x":0,"y":0,"w":24,"h":24},
	"sourceSize": {"w":24,"h":24}
},
{
	"filename": "figure/sunken",
	"frame": {"x":96,"y":0,"w":24,"h":24},
	"rotated": false,
	"trimmed": false,
	"spriteSourceSize": {"x":0,"y":0,"w":24,"h":24},
	"sourceSize": {"w":24,"h":24}
},
{
	"filename": "figure/vertical",
	"frame": {"x":120,"y":0,"w":24,"h":24},
	"rotated": false,
	"trimmed": false,
	"spriteSourceSize": {"x":0,"y":0,"w":24,"h":24},
	"sourceSize": {"w":24,"h":24}
}],
"meta": {
	"app": "http://www.codeandweb.com/texturepacker",
	"version": "1.0",
	"image": "misc.png",
	"format": "RGBA8888",
	"size": {"w":144,"h":24},
	"scale": "1",
	"smartupdate": "$TexturePacker:SmartUpdate:aa26d2059fe1ec4360436cb6c3a1ab2e:4d8d792198ef21af0e950362071c0957:8940225683741d51cffc2e8ee1e8f353$"
}
}
