{"frames": [

{
	"filename": "die/1",
	"frame": {"x":0,"y":0,"w":190,"h":170},
	"rotated": false,
	"trimmed": false,
	"spriteSourceSize": {"x":0,"y":0,"w":190,"h":170},
	"sourceSize": {"w":190,"h":170}
},
{
	"filename": "die/2",
	"frame": {"x":190,"y":0,"w":190,"h":170},
	"rotated": false,
	"trimmed": false,
	"spriteSourceSize": {"x":0,"y":0,"w":190,"h":170},
	"sourceSize": {"w":190,"h":170}
},
{
	"filename": "die/3",
	"frame": {"x":380,"y":0,"w":190,"h":170},
	"rotated": false,
	"trimmed": false,
	"spriteSourceSize": {"x":0,"y":0,"w":190,"h":170},
	"sourceSize": {"w":190,"h":170}
},
{
	"filename": "die/4",
	"frame": {"x":570,"y":0,"w":190,"h":170},
	"rotated": false,
	"trimmed": false,
	"spriteSourceSize": {"x":0,"y":0,"w":190,"h":170},
	"sourceSize": {"w":190,"h":170}
},
{
	"filename": "die/5",
	"frame": {"x":760,"y":0,"w":190,"h":170},
	"rotated": false,
	"trimmed": false,
	"spriteSourceSize": {"x":0,"y":0,"w":190,"h":170},
	"sourceSize": {"w":190,"h":170}
},
{
	"filename": "die/6",
	"frame": {"x":950,"y":0,"w":190,"h":170},
	"rotated": false,
	"trimmed": false,
	"spriteSourceSize": {"x":0,"y":0,"w":190,"h":170},
	"sourceSize": {"w":190,"h":170}
},
{
	"filename": "die/7",
	"frame": {"x":1140,"y":0,"w":190,"h":170},
	"rotated": false,
	"trimmed": false,
	"spriteSourceSize": {"x":0,"y":0,"w":190,"h":170},
	"sourceSize": {"w":190,"h":170}
},
{
	"filename": "die/8",
	"frame": {"x":1330,"y":0,"w":190,"h":170},
	"rotated": false,
	"trimmed": false,
	"spriteSourceSize": {"x":0,"y":0,"w":190,"h":170},
	"sourceSize": {"w":190,"h":170}
},
{
	"filename": "die/9",
	"frame": {"x":1520,"y":0,"w":190,"h":170},
	"rotated": false,
	"trimmed": false,
	"spriteSourceSize": {"x":0,"y":0,"w":190,"h":170},
	"sourceSize": {"w":190,"h":170}
},
{
	"filename": "die/10",
	"frame": {"x":1710,"y":0,"w":190,"h":170},
	"rotated": false,
	"trimmed": false,
	"spriteSourceSize": {"x":0,"y":0,"w":190,"h":170},
	"sourceSize": {"w":190,"h":170}
},
{
	"filename": "die/11",
	"frame": {"x":0,"y":170,"w":190,"h":170},
	"rotated": false,
	"trimmed": false,
	"spriteSourceSize": {"x":0,"y":0,"w":190,"h":170},
	"sourceSize": {"w":190,"h":170}
},
{
	"filename": "die/12",
	"frame": {"x":190,"y":170,"w":190,"h":170},
	"rotated": false,
	"trimmed": false,
	"spriteSourceSize": {"x":0,"y":0,"w":190,"h":170},
	"sourceSize": {"w":190,"h":170}
},
{
	"filename": "die/13",
	"frame": {"x":380,"y":170,"w":190,"h":170},
	"rotated": false,
	"trimmed": false,
	"spriteSourceSize": {"x":0,"y":0,"w":190,"h":170},
	"sourceSize": {"w":190,"h":170}
},
{
	"filename": "die/14",
	"frame": {"x":570,"y":170,"w":190,"h":170},
	"rotated": false,
	"trimmed": false,
	"spriteSourceSize": {"x":0,"y":0,"w":190,"h":170},
	"sourceSize": {"w":190,"h":170}
},
{
	"filename": "die/15",
	"frame": {"x":760,"y":170,"w":190,"h":170},
	"rotated": false,
	"trimmed": false,
	"spriteSourceSize": {"x":0,"y":0,"w":190,"h":170},
	"sourceSize": {"w":190,"h":170}
},
{
	"filename": "die/16",
	"frame": {"x":950,"y":170,"w":190,"h":170},
	"rotated": false,
	"trimmed": false,
	"spriteSourceSize": {"x":0,"y":0,"w":190,"h":170},
	"sourceSize": {"w":190,"h":170}
},
{
	"filename": "draw-bugle/1",
	"frame": {"x":1140,"y":170,"w":190,"h":170},
	"rotated": false,
	"trimmed": false,
	"spriteSourceSize": {"x":0,"y":0,"w":190,"h":170},
	"sourceSize": {"w":190,"h":170}
},
{
	"filename": "draw-bugle/2",
	"frame": {"x":1330,"y":170,"w":190,"h":170},
	"rotated": false,
	"trimmed": false,
	"spriteSourceSize": {"x":0,"y":0,"w":190,"h":170},
	"sourceSize": {"w":190,"h":170}
},
{
	"filename": "draw-bugle/3",
	"frame": {"x":1520,"y":170,"w":190,"h":170},
	"rotated": false,
	"trimmed": false,
	"spriteSourceSize": {"x":0,"y":0,"w":190,"h":170},
	"sourceSize": {"w":190,"h":170}
},
{
	"filename": "draw-bugle/4",
	"frame": {"x":1710,"y":170,"w":190,"h":170},
	"rotated": false,
	"trimmed": false,
	"spriteSourceSize": {"x":0,"y":0,"w":190,"h":170},
	"sourceSize": {"w":190,"h":170}
},
{
	"filename": "draw-bugle/5",
	"frame": {"x":0,"y":340,"w":190,"h":170},
	"rotated": false,
	"trimmed": false,
	"spriteSourceSize": {"x":0,"y":0,"w":190,"h":170},
	"sourceSize": {"w":190,"h":170}
},
{
	"filename": "draw-heart/1",
	"frame": {"x":190,"y":340,"w":190,"h":170},
	"rotated": false,
	"trimmed": false,
	"spriteSourceSize": {"x":0,"y":0,"w":190,"h":170},
	"sourceSize": {"w":190,"h":170}
},
{
	"filename": "draw-heart/2",
	"frame": {"x":380,"y":340,"w":190,"h":170},
	"rotated": false,
	"trimmed": false,
	"spriteSourceSize": {"x":0,"y":0,"w":190,"h":170},
	"sourceSize": {"w":190,"h":170}
},
{
	"filename": "draw-heart/3",
	"frame": {"x":570,"y":340,"w":190,"h":170},
	"rotated": false,
	"trimmed": false,
	"spriteSourceSize": {"x":0,"y":0,"w":190,"h":170},
	"sourceSize": {"w":190,"h":170}
},
{
	"filename": "draw-heart/4",
	"frame": {"x":760,"y":340,"w":190,"h":170},
	"rotated": false,
	"trimmed": false,
	"spriteSourceSize": {"x":0,"y":0,"w":190,"h":170},
	"sourceSize": {"w":190,"h":170}
},
{
	"filename": "draw-heart/5",
	"frame": {"x":950,"y":340,"w":190,"h":170},
	"rotated": false,
	"trimmed": false,
	"spriteSourceSize": {"x":0,"y":0,"w":190,"h":170},
	"sourceSize": {"w":190,"h":170}
},
{
	"filename": "draw-horizontal/1",
	"frame": {"x":1140,"y":340,"w":190,"h":170},
	"rotated": false,
	"trimmed": false,
	"spriteSourceSize": {"x":0,"y":0,"w":190,"h":170},
	"sourceSize": {"w":190,"h":170}
},
{
	"filename": "draw-horizontal/2",
	"frame": {"x":1330,"y":340,"w":190,"h":170},
	"rotated": false,
	"trimmed": false,
	"spriteSourceSize": {"x":0,"y":0,"w":190,"h":170},
	"sourceSize": {"w":190,"h":170}
},
{
	"filename": "draw-horizontal/3",
	"frame": {"x":1520,"y":340,"w":190,"h":170},
	"rotated": false,
	"trimmed": false,
	"spriteSourceSize": {"x":0,"y":0,"w":190,"h":170},
	"sourceSize": {"w":190,"h":170}
},
{
	"filename": "draw-horizontal/4",
	"frame": {"x":1710,"y":340,"w":190,"h":170},
	"rotated": false,
	"trimmed": false,
	"spriteSourceSize": {"x":0,"y":0,"w":190,"h":170},
	"sourceSize": {"w":190,"h":170}
},
{
	"filename": "draw-horizontal/5",
	"frame": {"x":0,"y":510,"w":190,"h":170},
	"rotated": false,
	"trimmed": false,
	"spriteSourceSize": {"x":0,"y":0,"w":190,"h":170},
	"sourceSize": {"w":190,"h":170}
},
{
	"filename": "draw-lightning/1",
	"frame": {"x":190,"y":510,"w":190,"h":170},
	"rotated": false,
	"trimmed": false,
	"spriteSourceSize": {"x":0,"y":0,"w":190,"h":170},
	"sourceSize": {"w":190,"h":170}
},
{
	"filename": "draw-lightning/2",
	"frame": {"x":380,"y":510,"w":190,"h":170},
	"rotated": false,
	"trimmed": false,
	"spriteSourceSize": {"x":0,"y":0,"w":190,"h":170},
	"sourceSize": {"w":190,"h":170}
},
{
	"filename": "draw-lightning/3",
	"frame": {"x":570,"y":510,"w":190,"h":170},
	"rotated": false,
	"trimmed": false,
	"spriteSourceSize": {"x":0,"y":0,"w":190,"h":170},
	"sourceSize": {"w":190,"h":170}
},
{
	"filename": "draw-lightning/4",
	"frame": {"x":760,"y":510,"w":190,"h":170},
	"rotated": false,
	"trimmed": false,
	"spriteSourceSize": {"x":0,"y":0,"w":190,"h":170},
	"sourceSize": {"w":190,"h":170}
},
{
	"filename": "draw-lightning/5",
	"frame": {"x":950,"y":510,"w":190,"h":170},
	"rotated": false,
	"trimmed": false,
	"spriteSourceSize": {"x":0,"y":0,"w":190,"h":170},
	"sourceSize": {"w":190,"h":170}
},
{
	"filename": "draw-sunken/1",
	"frame": {"x":1140,"y":510,"w":190,"h":170},
	"rotated": false,
	"trimmed": false,
	"spriteSourceSize": {"x":0,"y":0,"w":190,"h":170},
	"sourceSize": {"w":190,"h":170}
},
{
	"filename": "draw-sunken/2",
	"frame": {"x":1330,"y":510,"w":190,"h":170},
	"rotated": false,
	"trimmed": false,
	"spriteSourceSize": {"x":0,"y":0,"w":190,"h":170},
	"sourceSize": {"w":190,"h":170}
},
{
	"filename": "draw-sunken/3",
	"frame": {"x":1520,"y":510,"w":190,"h":170},
	"rotated": false,
	"trimmed": false,
	"spriteSourceSize": {"x":0,"y":0,"w":190,"h":170},
	"sourceSize": {"w":190,"h":170}
},
{
	"filename": "draw-sunken/4",
	"frame": {"x":1710,"y":510,"w":190,"h":170},
	"rotated": false,
	"trimmed": false,
	"spriteSourceSize": {"x":0,"y":0,"w":190,"h":170},
	"sourceSize": {"w":190,"h":170}
},
{
	"filename": "draw-sunken/5",
	"frame": {"x":0,"y":680,"w":190,"h":170},
	"rotated": false,
	"trimmed": false,
	"spriteSourceSize": {"x":0,"y":0,"w":190,"h":170},
	"sourceSize": {"w":190,"h":170}
},
{
	"filename": "draw-vertical/1",
	"frame": {"x":190,"y":680,"w":190,"h":170},
	"rotated": false,
	"trimmed": false,
	"spriteSourceSize": {"x":0,"y":0,"w":190,"h":170},
	"sourceSize": {"w":190,"h":170}
},
{
	"filename": "draw-vertical/2",
	"frame": {"x":380,"y":680,"w":190,"h":170},
	"rotated": false,
	"trimmed": false,
	"spriteSourceSize": {"x":0,"y":0,"w":190,"h":170},
	"sourceSize": {"w":190,"h":170}
},
{
	"filename": "draw-vertical/3",
	"frame": {"x":570,"y":680,"w":190,"h":170},
	"rotated": false,
	"trimmed": false,
	"spriteSourceSize": {"x":0,"y":0,"w":190,"h":170},
	"sourceSize": {"w":190,"h":170}
},
{
	"filename": "draw-vertical/4",
	"frame": {"x":760,"y":680,"w":190,"h":170},
	"rotated": false,
	"trimmed": false,
	"spriteSourceSize": {"x":0,"y":0,"w":190,"h":170},
	"sourceSize": {"w":190,"h":170}
},
{
	"filename": "draw-vertical/5",
	"frame": {"x":950,"y":680,"w":190,"h":170},
	"rotated": false,
	"trimmed": false,
	"spriteSourceSize": {"x":0,"y":0,"w":190,"h":170},
	"sourceSize": {"w":190,"h":170}
},
{
	"filename": "drawing/1",
	"frame": {"x":1140,"y":680,"w":190,"h":170},
	"rotated": false,
	"trimmed": false,
	"spriteSourceSize": {"x":0,"y":0,"w":190,"h":170},
	"sourceSize": {"w":190,"h":170}
},
{
	"filename": "drawing/2",
	"frame": {"x":1330,"y":680,"w":190,"h":170},
	"rotated": false,
	"trimmed": false,
	"spriteSourceSize": {"x":0,"y":0,"w":190,"h":170},
	"sourceSize": {"w":190,"h":170}
},
{
	"filename": "drawing/3",
	"frame": {"x":1520,"y":680,"w":190,"h":170},
	"rotated": false,
	"trimmed": false,
	"spriteSourceSize": {"x":0,"y":0,"w":190,"h":170},
	"sourceSize": {"w":190,"h":170}
},
{
	"filename": "drawing/4",
	"frame": {"x":1710,"y":680,"w":190,"h":170},
	"rotated": false,
	"trimmed": false,
	"spriteSourceSize": {"x":0,"y":0,"w":190,"h":170},
	"sourceSize": {"w":190,"h":170}
},
{
	"filename": "drawing/5",
	"frame": {"x":0,"y":850,"w":190,"h":170},
	"rotated": false,
	"trimmed": false,
	"spriteSourceSize": {"x":0,"y":0,"w":190,"h":170},
	"sourceSize": {"w":190,"h":170}
},
{
	"filename": "drawing/6",
	"frame": {"x":190,"y":850,"w":190,"h":170},
	"rotated": false,
	"trimmed": false,
	"spriteSourceSize": {"x":0,"y":0,"w":190,"h":170},
	"sourceSize": {"w":190,"h":170}
},
{
	"filename": "hurt/1",
	"frame": {"x":380,"y":850,"w":190,"h":170},
	"rotated": false,
	"trimmed": false,
	"spriteSourceSize": {"x":0,"y":0,"w":190,"h":170},
	"sourceSize": {"w":190,"h":170}
},
{
	"filename": "hurt/2",
	"frame": {"x":570,"y":850,"w":190,"h":170},
	"rotated": false,
	"trimmed": false,
	"spriteSourceSize": {"x":0,"y":0,"w":190,"h":170},
	"sourceSize": {"w":190,"h":170}
},
{
	"filename": "hurt/3",
	"frame": {"x":760,"y":850,"w":190,"h":170},
	"rotated": false,
	"trimmed": false,
	"spriteSourceSize": {"x":0,"y":0,"w":190,"h":170},
	"sourceSize": {"w":190,"h":170}
},
{
	"filename": "hurt/4",
	"frame": {"x":950,"y":850,"w":190,"h":170},
	"rotated": false,
	"trimmed": false,
	"spriteSourceSize": {"x":0,"y":0,"w":190,"h":170},
	"sourceSize": {"w":190,"h":170}
},
{
	"filename": "run/1",
	"frame": {"x":1140,"y":850,"w":190,"h":170},
	"rotated": false,
	"trimmed": false,
	"spriteSourceSize": {"x":0,"y":0,"w":190,"h":170},
	"sourceSize": {"w":190,"h":170}
},
{
	"filename": "run/2",
	"frame": {"x":1330,"y":850,"w":190,"h":170},
	"rotated": false,
	"trimmed": false,
	"spriteSourceSize": {"x":0,"y":0,"w":190,"h":170},
	"sourceSize": {"w":190,"h":170}
},
{
	"filename": "run/3",
	"frame": {"x":1520,"y":850,"w":190,"h":170},
	"rotated": false,
	"trimmed": false,
	"spriteSourceSize": {"x":0,"y":0,"w":190,"h":170},
	"sourceSize": {"w":190,"h":170}
},
{
	"filename": "run/4",
	"frame": {"x":1710,"y":850,"w":190,"h":170},
	"rotated": false,
	"trimmed": false,
	"spriteSourceSize": {"x":0,"y":0,"w":190,"h":170},
	"sourceSize": {"w":190,"h":170}
},
{
	"filename": "run/5",
	"frame": {"x":0,"y":1020,"w":190,"h":170},
	"rotated": false,
	"trimmed": false,
	"spriteSourceSize": {"x":0,"y":0,"w":190,"h":170},
	"sourceSize": {"w":190,"h":170}
},
{
	"filename": "run/6",
	"frame": {"x":190,"y":1020,"w":190,"h":170},
	"rotated": false,
	"trimmed": false,
	"spriteSourceSize": {"x":0,"y":0,"w":190,"h":170},
	"sourceSize": {"w":190,"h":170}
},
{
	"filename": "scared/1",
	"frame": {"x":380,"y":1020,"w":190,"h":170},
	"rotated": false,
	"trimmed": false,
	"spriteSourceSize": {"x":0,"y":0,"w":190,"h":170},
	"sourceSize": {"w":190,"h":170}
},
{
	"filename": "scared/2",
	"frame": {"x":570,"y":1020,"w":190,"h":170},
	"rotated": false,
	"trimmed": false,
	"spriteSourceSize": {"x":0,"y":0,"w":190,"h":170},
	"sourceSize": {"w":190,"h":170}
},
{
	"filename": "scared/3",
	"frame": {"x":760,"y":1020,"w":190,"h":170},
	"rotated": false,
	"trimmed": false,
	"spriteSourceSize": {"x":0,"y":0,"w":190,"h":170},
	"sourceSize": {"w":190,"h":170}
},
{
	"filename": "victory/1",
	"frame": {"x":950,"y":1020,"w":190,"h":170},
	"rotated": false,
	"trimmed": false,
	"spriteSourceSize": {"x":0,"y":0,"w":190,"h":170},
	"sourceSize": {"w":190,"h":170}
},
{
	"filename": "victory/2",
	"frame": {"x":1140,"y":1020,"w":190,"h":170},
	"rotated": false,
	"trimmed": false,
	"spriteSourceSize": {"x":0,"y":0,"w":190,"h":170},
	"sourceSize": {"w":190,"h":170}
},
{
	"filename": "victory/3",
	"frame": {"x":1330,"y":1020,"w":190,"h":170},
	"rotated": false,
	"trimmed": false,
	"spriteSourceSize": {"x":0,"y":0,"w":190,"h":170},
	"sourceSize": {"w":190,"h":170}
},
{
	"filename": "victory/4",
	"frame": {"x":1520,"y":1020,"w":190,"h":170},
	"rotated": false,
	"trimmed": false,
	"spriteSourceSize": {"x":0,"y":0,"w":190,"h":170},
	"sourceSize": {"w":190,"h":170}
},
{
	"filename": "victory/5",
	"frame": {"x":1710,"y":1020,"w":190,"h":170},
	"rotated": false,
	"trimmed": false,
	"spriteSourceSize": {"x":0,"y":0,"w":190,"h":170},
	"sourceSize": {"w":190,"h":170}
},
{
	"filename": "victory/6",
	"frame": {"x":0,"y":1190,"w":190,"h":170},
	"rotated": false,
	"trimmed": false,
	"spriteSourceSize": {"x":0,"y":0,"w":190,"h":170},
	"sourceSize": {"w":190,"h":170}
},
{
	"filename": "victory/7",
	"frame": {"x":190,"y":1190,"w":190,"h":170},
	"rotated": false,
	"trimmed": false,
	"spriteSourceSize": {"x":0,"y":0,"w":190,"h":170},
	"sourceSize": {"w":190,"h":170}
},
{
	"filename": "victory/8",
	"frame": {"x":380,"y":1190,"w":190,"h":170},
	"rotated": false,
	"trimmed": false,
	"spriteSourceSize": {"x":0,"y":0,"w":190,"h":170},
	"sourceSize": {"w":190,"h":170}
},
{
	"filename": "victory/9",
	"frame": {"x":570,"y":1190,"w":190,"h":170},
	"rotated": false,
	"trimmed": false,
	"spriteSourceSize": {"x":0,"y":0,"w":190,"h":170},
	"sourceSize": {"w":190,"h":170}
},
{
	"filename": "victory/10",
	"frame": {"x":760,"y":1190,"w":190,"h":170},
	"rotated": false,
	"trimmed": false,
	"spriteSourceSize": {"x":0,"y":0,"w":190,"h":170},
	"sourceSize": {"w":190,"h":170}
},
{
	"filename": "victory/11",
	"frame": {"x":950,"y":1190,"w":190,"h":170},
	"rotated": false,
	"trimmed": false,
	"spriteSourceSize": {"x":0,"y":0,"w":190,"h":170},
	"sourceSize": {"w":190,"h":170}
},
{
	"filename": "victory/12",
	"frame": {"x":1140,"y":1190,"w":190,"h":170},
	"rotated": false,
	"trimmed": false,
	"spriteSourceSize": {"x":0,"y":0,"w":190,"h":170},
	"sourceSize": {"w":190,"h":170}
},
{
	"filename": "victory/13",
	"frame": {"x":1330,"y":1190,"w":190,"h":170},
	"rotated": false,
	"trimmed": false,
	"spriteSourceSize": {"x":0,"y":0,"w":190,"h":170},
	"sourceSize": {"w":190,"h":170}
},
{
	"filename": "victory/14",
	"frame": {"x":1520,"y":1190,"w":190,"h":170},
	"rotated": false,
	"trimmed": false,
	"spriteSourceSize": {"x":0,"y":0,"w":190,"h":170},
	"sourceSize": {"w":190,"h":170}
},
{
	"filename": "victory/15",
	"frame": {"x":1710,"y":1190,"w":190,"h":170},
	"rotated": false,
	"trimmed": false,
	"spriteSourceSize": {"x":0,"y":0,"w":190,"h":170},
	"sourceSize": {"w":190,"h":170}
},
{
	"filename": "victory/16",
	"frame": {"x":0,"y":1360,"w":190,"h":170},
	"rotated": false,
	"trimmed": false,
	"spriteSourceSize": {"x":0,"y":0,"w":190,"h":170},
	"sourceSize": {"w":190,"h":170}
},
{
	"filename": "victory/17",
	"frame": {"x":190,"y":1360,"w":190,"h":170},
	"rotated": false,
	"trimmed": false,
	"spriteSourceSize": {"x":0,"y":0,"w":190,"h":170},
	"sourceSize": {"w":190,"h":170}
},
{
	"filename": "victory/18",
	"frame": {"x":380,"y":1360,"w":190,"h":170},
	"rotated": false,
	"trimmed": false,
	"spriteSourceSize": {"x":0,"y":0,"w":190,"h":170},
	"sourceSize": {"w":190,"h":170}
},
{
	"filename": "waiting/1",
	"frame": {"x":570,"y":1360,"w":190,"h":170},
	"rotated": false,
	"trimmed": false,
	"spriteSourceSize": {"x":0,"y":0,"w":190,"h":170},
	"sourceSize": {"w":190,"h":170}
},
{
	"filename": "waiting/2",
	"frame": {"x":760,"y":1360,"w":190,"h":170},
	"rotated": false,
	"trimmed": false,
	"spriteSourceSize": {"x":0,"y":0,"w":190,"h":170},
	"sourceSize": {"w":190,"h":170}
},
{
	"filename": "waiting/3",
	"frame": {"x":950,"y":1360,"w":190,"h":170},
	"rotated": false,
	"trimmed": false,
	"spriteSourceSize": {"x":0,"y":0,"w":190,"h":170},
	"sourceSize": {"w":190,"h":170}
},
{
	"filename": "waiting/4",
	"frame": {"x":1140,"y":1360,"w":190,"h":170},
	"rotated": false,
	"trimmed": false,
	"spriteSourceSize": {"x":0,"y":0,"w":190,"h":170},
	"sourceSize": {"w":190,"h":170}
},
{
	"filename": "waiting/5",
	"frame": {"x":1330,"y":1360,"w":190,"h":170},
	"rotated": false,
	"trimmed": false,
	"spriteSourceSize": {"x":0,"y":0,"w":190,"h":170},
	"sourceSize": {"w":190,"h":170}
},
{
	"filename": "waiting/6",
	"frame": {"x":1520,"y":1360,"w":190,"h":170},
	"rotated": false,
	"trimmed": false,
	"spriteSourceSize": {"x":0,"y":0,"w":190,"h":170},
	"sourceSize": {"w":190,"h":170}
},
{
	"filename": "waiting/7",
	"frame": {"x":1710,"y":1360,"w":190,"h":170},
	"rotated": false,
	"trimmed": false,
	"spriteSourceSize": {"x":0,"y":0,"w":190,"h":170},
	"sourceSize": {"w":190,"h":170}
},
{
	"filename": "waiting/8",
	"frame": {"x":0,"y":1530,"w":190,"h":170},
	"rotated": false,
	"trimmed": false,
	"spriteSourceSize": {"x":0,"y":0,"w":190,"h":170},
	"sourceSize": {"w":190,"h":170}
},
{
	"filename": "waiting/9",
	"frame": {"x":190,"y":1530,"w":190,"h":170},
	"rotated": false,
	"trimmed": false,
	"spriteSourceSize": {"x":0,"y":0,"w":190,"h":170},
	"sourceSize": {"w":190,"h":170}
},
{
	"filename": "waiting/10",
	"frame": {"x":380,"y":1530,"w":190,"h":170},
	"rotated": false,
	"trimmed": false,
	"spriteSourceSize": {"x":0,"y":0,"w":190,"h":170},
	"sourceSize": {"w":190,"h":170}
},
{
	"filename": "waiting/11",
	"frame": {"x":570,"y":1530,"w":190,"h":170},
	"rotated": false,
	"trimmed": false,
	"spriteSourceSize": {"x":0,"y":0,"w":190,"h":170},
	"sourceSize": {"w":190,"h":170}
}],
"meta": {
	"app": "http://www.codeandweb.com/texturepacker",
	"version": "1.0",
	"image": "player.png",
	"format": "RGBA8888",
	"size": {"w":1900,"h":1700},
	"scale": "1",
	"smartupdate": "$TexturePacker:SmartUpdate:670be0c21169f56c127bc5985e933be2:560ce7534e78513fbbbae148e1fa8101:86d5339b780aedd87b35e2b7c0a7e11b$"
}
}
